header,primary_lib,lib_name,resolved_funcs,total_prototypes,other_libs
stdio.h,libmsvcrt.a,msvcrt,25,25,
stdlib.h,libmsvcrt.a,msvcrt,30,30,
string.h,libmsvcrt.a,msvcrt,20,20,
math.h,libm.a,m,50,50,
time.h,libmsvcrt.a,msvcrt,16,16,
ctype.h,libmsvcrt.a,msvcrt,13,13,
memory.h,libmsvcrt.a,msvcrt,6,6,
assert.h,libmsvcrt.a,msvcrt,1,1,
limits.h,libmsvcrt.a,msvcrt,0,0,
float.h,libmsvcrt.a,msvcrt,0,0,
aclapi.h,libadvapi32.a,advapi32,49,49,
adshlp.h,libactiveds.a,activeds,22,23,adsldpc(10)
agtsvr.h,libkernel32.a,kernel32,1,328,
appmgmt.h,libadvapi32.a,advapi32,7,7,
appmodel.h,libkernel32.a,kernel32,33,57,windowsapp(5)
asptlb.h,libwinpthread.a,winpthread,1,192,pthread(1);mingw32(1);kernel32(1);mingwex(1)
authz.h,libauthz.a,authz,33,33,
avrt.h,libavrt.a,avrt,14,14,
azroles.h,libadvapi32.a,advapi32,1,433,
bcrypt.h,libbcrypt.a,bcrypt,53,53,ncrypt(51);ksecdd(35)
bluetoothapis.h,libbthprops.a,bthprops,30,30,bluetoothapis(25)
callobj.h,libole32.a,ole32,2,61,
certcli.h,libgdi32.a,gdi32,1,37,
certview.h,libadsldpc.a,adsldpc,1,63,
cfgmgr32.h,libcfgmgr32.a,cfgmgr32,201,202,setupapi(200)
clfs.h,libclfsw32.a,clfsw32,4,4,
clfsmgmtw32.h,libclfsw32.a,clfsw32,7,7,
clfsw32.h,libclfsw32.a,clfsw32,43,43,
cluadmex.h,libgdi32.a,gdi32,1,52,
clusapi.h,libclusapi.a,clusapi,127,127,
cluscfgserver.h,libcmutil.a,cmutil,1,538,
commapi.h,libkernel32.a,kernel32,18,18,
commctrl.h,libcomctl32.a,comctl32,108,111,
commdlg.h,libcomdlg32.a,comdlg32,21,21,
commoncontrols.h,libcomctl32.a,comctl32,1,1,
comsvcs.h,libktmw32.a,ktmw32,1,795,kernel32(1)
cryptxml.h,libcryptxml.a,cryptxml,17,17,
d2d1.h,libd2d1.a,d2d1,5,5,
d3d10effect.h,libd3d10.a,d3d10,12,12,
d3d10misc.h,libd3d10.a,d3d10,3,3,
d3d10shader.h,libd3d10.a,d3d10,10,10,
d3d11.h,libd3d11.a,d3d11,1,1,
d3d8.h,libd3d8.a,d3d8,1,1,
d3d9.h,libd3d9.a,d3d9,9,9,
d3dcompiler.h,libd3dcompiler.a,d3dcompiler,16,16,d3dcompiler_47(16);d3dcompiler_46(15);d3dcompiler_43(11);d3dcompiler_40(9);d3dcompiler_41(9);d3dcompiler_42(9);d3dcompiler_37(3);d3dcompiler_38(3);d3dcompiler_39(3);d3dcompiler_35(3);d3dcompiler_36(3);d3dcompiler_33(3);d3dcompiler_34(3)
d3drm.h,libd3drm.a,d3drm,1,1,
d3drmdef.h,libd3drm.a,d3drm,20,20,
d3dx9anim.h,libd3dx9_38.a,d3dx9_38,14,14,d3dx9_35(14);d3dx9(14);d3dx9_28(14);d3dx9_25(14);d3dx9_24(14);d3dx9_27(14);d3dx9_36(14);d3dx9_30(14);d3dx9_33(14);d3dx9_40(14);d3dx9_43(14);d3dx9_31(14);d3dx9_32(14);d3dx9_26(14);d3dx9_29(14);d3dx9_39(14);d3dx9_37(14);d3dx9_42(14);d3dx9_34(14);d3dx9_41(14);d3dx9d(12)
d3dx9core.h,libd3dx9_38.a,d3dx9_38,11,11,d3dx9_35(11);d3dx9(11);d3dx9_28(11);d3dx9_25(11);d3dx9_24(11);d3dx9_27(11);d3dx9_36(11);d3dx9_30(11);d3dx9_33(11);d3dx9_40(11);d3dx9_43(11);d3dx9_31(11);d3dx9_32(11);d3dx9_26(11);d3dx9_29(11);d3dx9_39(11);d3dx9_37(11);d3dx9_42(11);d3dx9_34(11);d3dx9_41(11);d3dx9d(5);d3dx8d(3)
d3dx9effect.h,libd3dx9_38.a,d3dx9_38,17,17,d3dx9_35(17);d3dx9(17);d3dx9_28(17);d3dx9_25(17);d3dx9_24(17);d3dx9_27(17);d3dx9_36(17);d3dx9_30(17);d3dx9_33(17);d3dx9_40(17);d3dx9_43(17);d3dx9_31(17);d3dx9_32(17);d3dx9_26(17);d3dx9_29(17);d3dx9_39(17);d3dx9_37(17);d3dx9_42(17);d3dx9_34(17);d3dx9_41(17);d3dx9d(11);d3dx8d(5)
d3dx9math.h,libd3dx9_38.a,d3dx9_38,102,102,d3dx9_35(102);d3dx9(102);d3dx9_36(102);d3dx9_33(102);d3dx9_40(102);d3dx9_43(102);d3dx9_32(102);d3dx9_39(102);d3dx9_37(102);d3dx9_42(102);d3dx9_34(102);d3dx9_41(102);d3dx10_35(101);d3dx10_34(101);d3dx10_38(101);d3dx10_39(101);d3dx10_41(101);d3dx10_42(101);d3dx10_36(101);d3dx10_43(101);d3dx10(101);d3dx10_37(101);d3dx10_40(101);d3dx10_33(101);d3dx9_28(99);d3dx9_25(99);d3dx9_24(99);d3dx9_27(99);d3dx9_30(99);d3dx9_31(99);d3dx9_26(99);d3dx9_29(99);d3dx9d(85);d3dx8d(72)
d3dx9mesh.h,libd3dx9_38.a,d3dx9_38,73,73,d3dx9_35(73);d3dx9(73);d3dx9_28(73);d3dx9_27(73);d3dx9_36(73);d3dx9_30(73);d3dx9_33(73);d3dx9_40(73);d3dx9_43(73);d3dx9_31(73);d3dx9_32(73);d3dx9_26(73);d3dx9_29(73);d3dx9_39(73);d3dx9_37(73);d3dx9_42(73);d3dx9_34(73);d3dx9_41(73);d3dx9_25(69);d3dx9_24(66);d3dx9d(47);d3dx8d(30);d3dx10_35(5);d3dx10_34(5);d3dx10_38(5);d3dx10_39(5);d3dx10_41(5);d3dx10_42(5);d3dx10_36(5);d3dx10_43(5);d3dx10(5);d3dx10_37(5);d3dx10_40(5);d3dx10_33(5)
d3dx9shader.h,libd3dx9_38.a,d3dx9_38,29,29,d3dx9_36(29);d3dx9_40(29);d3dx9_39(29);d3dx9_37(29);d3dx9_41(29);d3dx9_35(27);d3dx9_28(27);d3dx9_30(27);d3dx9_33(27);d3dx9_31(27);d3dx9_32(27);d3dx9_29(27);d3dx9_34(27);d3dx9(27);d3dx9_43(27);d3dx9_42(27);d3dx9_25(22);d3dx9_24(22);d3dx9_27(22);d3dx9_26(22);d3dx9d(16);d3dx8d(5)
d3dx9shape.h,libd3dx9_38.a,d3dx9_38,8,8,d3dx9_35(8);d3dx9(8);d3dx9d(8);d3dx9_28(8);d3dx9_25(8);d3dx9_24(8);d3dx9_27(8);d3dx9_36(8);d3dx9_30(8);d3dx9_33(8);d3dx9_40(8);d3dx9_43(8);d3dx9_31(8);d3dx9_32(8);d3dx9_26(8);d3dx9_29(8);d3dx9_39(8);d3dx9_37(8);d3dx9_42(8);d3dx8d(8);d3dx9_34(8);d3dx9_41(8)
d3dx9tex.h,libd3dx9_38.a,d3dx9_38,71,71,d3dx9_35(71);d3dx9(71);d3dx9_28(71);d3dx9_25(71);d3dx9_24(71);d3dx9_27(71);d3dx9_36(71);d3dx9_30(71);d3dx9_33(71);d3dx9_40(71);d3dx9_43(71);d3dx9_31(71);d3dx9_32(71);d3dx9_26(71);d3dx9_29(71);d3dx9_39(71);d3dx9_37(71);d3dx9_42(71);d3dx9_34(71);d3dx9_41(71);d3dx9d(69);d3dx8d(66)
datetimeapi.h,libkernel32.a,kernel32,6,6,
davclnt.h,libdavhlpr.a,davhlpr,6,11,netapi32(6);davclnt(5)
dde.h,libuser32.a,user32,6,6,
ddeml.h,libuser32.a,user32,31,32,
ddraw.h,libddraw.a,ddraw,7,7,
debugapi.h,libkernel32.a,kernel32,9,10,dxerr8(3);dxerr9(3);winpthread(2);pthread(2);windowsappcompat(1);winstorecompat(1)
dhcpcsdk.h,libdhcpcsvc.a,dhcpcsvc,7,7,
dhcpsapi.h,libdhcpsapi.a,dhcpsapi,12,12,
dhcpv6csdk.h,libdhcpcsvc6.a,dhcpcsvc6,2,4,
dinput.h,libdinput.a,dinput,3,4,dinput8(1)
dismapi.h,libdismapi.a,dismapi,34,34,
dlcapi.h,libdlcapi.a,dlcapi,1,3,
dmemmgr.h,libwin32k.a,win32k,2,3,
dmoreg.h,libmsdmo.a,msdmo,5,5,
dmort.h,libmsdmo.a,msdmo,6,6,
dpaddr.h,libdpnaddr.a,dpnaddr,1,1,
dpapi.h,libcrypt32.a,crypt32,5,7,dpapi(5)
dplay.h,libdplayx.a,dplayx,3,3,
dplay8.h,libdpnet.a,dpnet,1,1,
dplobby.h,libdplayx.a,dplayx,2,2,
dplobby8.h,libdpnlobby.a,dpnlobby,1,1,
dsgetdc.h,liblogoncli.a,logoncli,23,23,netapi32(23)
dsound.h,libdsound.a,dsound,10,10,tbs(1)
dsrole.h,libdsrole.a,dsrole,2,2,netapi32(2)
dssec.h,libdssec.a,dssec,3,3,
dwmapi.h,libdwmapi.a,dwmapi,30,31,dcomp(2)
dwrite.h,libdwrite.a,dwrite,1,1,
dxva2api.h,libdxva2.a,dxva2,2,2,
eaphostpeerconfigapis.h,libeappcfg.a,eappcfg,13,13,
eapmethodauthenticatorapis.h,libeappgnui.a,eappgnui,1,12,
eapmethodpeerapis.h,libeappgnui.a,eappgnui,2,25,
eappapis.h,libeappprxy.a,eappprxy,16,16,
elscore.h,libelscore.a,elscore,5,5,
errhandlingapi.h,libkernel32.a,kernel32,12,12,winpthread(5);pthread(5);winstorecompat(4);mingwex(2);windowsappcompat(2);mingw32(1)
errorrep.h,libfaultrep.a,faultrep,3,3,
errors.h,libquartz.a,quartz,2,2,
evcoll.h,libwecapi.a,wecapi,15,15,
evntcons.h,libadvapi32.a,advapi32,3,3,
evntprov.h,libadvapi32.a,advapi32,9,10,windowsapp(1);mincore(1)
evntrace.h,libadvapi32.a,advapi32,35,37,
evr.h,libevr.a,evr,5,6,mf(1)
expandedresources.h,libwindowsapp.a,windowsapp,3,3,
fibersapi.h,libkernel32.a,kernel32,5,5,winstorecompat(4)
fileapi.h,libkernel32.a,kernel32,81,81,mingwex(12);winstorecompat(8);windowsappcompat(4)
fltdefs.h,libiphlpapi.a,iphlpapi,16,16,
fusion.h,libsxs.a,sxs,2,8,
fwpmu.h,libfwpuclnt.a,fwpuclnt,141,143,
http.h,libhttpapi.a,httpapi,34,34,
i_cryptasn1tls.h,libcrypt32.a,crypt32,4,4,
iads.h,libgdi32.a,gdi32,1,1109,advapi32(1)
icm.h,libmscms.a,mscms,69,96,icmui(2)
icmpapi.h,libiphlpapi.a,iphlpapi,9,9,
ime.h,libuser32.a,user32,2,2,
imm.h,libimm32.a,imm32,63,63,
inputscope.h,libmsctf.a,msctf,4,4,msctfmonitor(4)
interlockedapi.h,libkernel32.a,kernel32,6,6,
intshcut.h,liburl.a,url,7,7,
ioapiset.h,libkernel32.a,kernel32,10,10,
iphlpapi.h,libiphlpapi.a,iphlpapi,79,79,netio(2)
iscsidsc.h,libiscsidsc.a,iscsidsc,61,74,
jobapi.h,libkernel32.a,kernel32,1,1,
joystickapi.h,libwinmm.a,winmm,10,10,
kcom.h,libks.a,ks,4,4,
ks.h,libks.a,ks,192,195,ksuser(4)
ksproxy.h,libksproxy.a,ksproxy,6,6,
ktmw32.h,libktmw32.a,ktmw32,39,39,
libloaderapi.h,libkernel32.a,kernel32,33,36,windowsappcompat(4);mingwex(4);winstorecompat(4);ws2_32(3);msvcrt-os(3);msvcrt(3);winpthread(2);pthread(2);user32(2);windowsapp(1);mincore(1)
libloaderapi2.h,libwindowsappcompat.a,windowsappcompat,1,2,kernel32(1);winstorecompat(1);windowsapp(1);mincore(1)
lmaccess.h,libnetapi32.a,netapi32,50,50,samcli(35);logoncli(9);svrapi(6)
lmalert.h,libnetapi32.a,netapi32,2,2,
lmapibuf.h,libnetapi32.a,netapi32,5,5,netutils(5)
lmat.h,libnetapi32.a,netapi32,4,4,schedcli(4)
lmaudit.h,libnetapi32.a,netapi32,3,3,
lmconfig.h,libnetapi32.a,netapi32,5,5,
lmdfs.h,libnetapi32.a,netapi32,24,24,dfscli(23);srvcli(1)
lmerrlog.h,libnetapi32.a,netapi32,3,3,
lmjoin.h,libwkscli.a,wkscli,10,10,netapi32(10)
lmmsg.h,libnetapi32.a,netapi32,5,5,
lmremutl.h,libnetapi32.a,netapi32,2,2,srvcli(1);netutils(1)
lmrepl.h,libnetapi32.a,netapi32,15,15,
lmserver.h,libnetapi32.a,netapi32,11,12,srvcli(9);browcli(2);svrapi(1);advapi32(1)
lmshare.h,libnetapi32.a,netapi32,15,15,srvcli(15);svrapi(10)
lmstats.h,libnetapi32.a,netapi32,1,1,
lmsvc.h,libnetapi32.a,netapi32,4,4,
lmuse.h,libwkscli.a,wkscli,4,4,netapi32(4)
lmwksta.h,libwkscli.a,wkscli,8,8,netapi32(8)
lowlevelmonitorconfigurationapi.h,libdxva2.a,dxva2,6,6,
lzexpand.h,libkernel32.a,kernel32,12,12,lz32(12)
madcapcl.h,libdhcpcsvc.a,dhcpcsvc,7,7,
mapi.h,libmapi32.a,mapi32,1,1,
mapinls.h,libmapi32.a,mapi32,7,10,
mapiwin.h,libmapi32.a,mapi32,1,1,
mciapi.h,libwinmm.a,winmm,20,20,
memoryapi.h,libkernel32.a,kernel32,42,58,windowsapp(9);mincore(9);mingw32(2);winstorecompat(2);windowsappcompat(2)
mfapi.h,libmfplat.a,mfplat,3,3,
mfidl.h,libmf.a,mf,47,65,mfcore(22);mfplat(12)
mfreadwrite.h,libmfreadwrite.a,mfreadwrite,5,5,
mftransform.h,libmfplat.a,mfplat,1,1,
mlang.h,libgdi32.a,gdi32,1,188,
mmcobj.h,libuser32.a,user32,1,301,
mmddk.h,libwinmm.a,winmm,5,5,
mmdeviceapi.h,libmmdevapi.a,mmdevapi,1,1,
mmeapi.h,libwinmm.a,winmm,102,103,
mmiscapi.h,libwinmm.a,winmm,29,30,
mmiscapi2.h,libwinmm.a,winmm,2,2,
mprapi.h,libmprapi.a,mprapi,104,129,
mq.h,libmqrt.a,mqrt,31,32,
mscat.h,libwintrust.a,wintrust,25,27,
mschapp.h,libadvapi32.a,advapi32,2,2,
msclus.h,libclusapi.a,clusapi,2,405,
msctf.h,libmsctf.a,msctf,6,6,msctfmonitor(6)
msdrm.h,libmsdrm.a,msdrm,83,84,
mshtmlc.h,libmsvcr110.a,msvcr110,5,4654,msvcr100(5);msvcrt(5);crtdll(5);msvcrt40(5);msvcrt10(5);msvcr120(5);msvcr90(5);msvcr71(5);msvcr80(5);ucrtapp(5);msvcr120d(5);msvcr120_app(5);msvcrt-os(5);msvcrt20(5);msvcr70(5);ucrt(5);msvcr90d(5);ucrtbase(5);user32(3);glaux(1);wsock32(1);ws2_32(1)
msi.h,libmsi.a,msi,154,160,
msimcsdk.h,libuserenv.a,userenv,1,126,
msiquery.h,libmsi.a,msi,98,98,
msoledbsql.h,liboleaut32.a,oleaut32,1,22,ole32(1)
mssip.h,libcrypt32.a,crypt32,10,10,wintrust(5)
mstcpip.h,libntoskrnl.a,ntoskrnl,14,14,ntdll(14)
mswsock.h,libwsock32.a,wsock32,4,4,mswsock(4)
namedpipeapi.h,libkernel32.a,kernel32,9,10,advapi32(1)
namespaceapi.h,libkernel32.a,kernel32,6,6,
naputil.h,libqutil.a,qutil,16,16,
nb30.h,libnetapi32.a,netapi32,1,1,
ncrypt.h,libncrypt.a,ncrypt,27,27,
ndfapi.h,libndfapi.a,ndfapi,5,5,
netmon.h,libglaux.a,glaux,1,179,
netprov.h,libuserenv.a,userenv,1,8,
newdev.h,libnewdev.a,newdev,2,8,
nmsupp.h,libglaux.a,glaux,1,37,
npapi.h,libdavclnt.a,davclnt,13,28,
nspapi.h,libwsock32.a,wsock32,12,12,mswsock(12)
ntdsapi.h,libntdsapi.a,ntdsapi,93,93,
oleauto.h,liboleaut32.a,oleaut32,1,1,
oledb.h,liboleaut32.a,oleaut32,1,562,ole32(1);mapi32(1)
opmapi.h,libdxva2.a,dxva2,2,2,
p2p.h,libp2p.a,p2p,107,145,p2pgraph(37)
pathcch.h,libpathcch.a,pathcch,22,22,
penwin.h,libpenwin32.a,penwin32,99,141,pkpd32(34)
perflib.h,libadvapi32.a,advapi32,14,14,pcwum(14)
physicalmonitorenumerationapi.h,libdxva2.a,dxva2,6,6,
playsoundapi.h,libwinmm.a,winmm,4,4,
powerbase.h,libpowrprof.a,powrprof,5,5,
powersetting.h,libpowrprof.a,powrprof,10,11,
powrprof.h,libpowrprof.a,powrprof,64,64,
prntvpt.h,libprntvpt.a,prntvpt,11,11,
process.h,libdavclnt.a,davclnt,1,3,spoolss(1);p2pcollab(1);p2p(1);prntvpt(1);msoledbsql(1)
processenv.h,libkernel32.a,kernel32,24,24,windowsappcompat(2);winstorecompat(2);mingwex(1)
processthreadsapi.h,libkernel32.a,kernel32,61,68,winpthread(16);pthread(16);winstorecompat(11);gmon(7);mingw32(5);windowsappcompat(5);advapi32(4);mingwex(2);msvcr120_app(1)
processtopologyapi.h,libkernel32.a,kernel32,3,4,
profileapi.h,libwinpthread.a,winpthread,2,2,pthread(2);kernel32(2)
propvarutil.h,libpropsys.a,propsys,27,27,ole32(1)
prsht.h,libcomctl32.a,comctl32,5,6,
psapi.h,libpsapi.a,psapi,27,28,winstorecompat(1);windowsappcompat(1)
qos2.h,libqwave.a,qwave,11,11,
ras.h,librasapi32.a,rasapi32,79,81,
rasdlg.h,librasdlg.a,rasdlg,6,6,
rassapi.h,libmprapi.a,mprapi,5,13,
realtimeapiset.h,libkernel32.a,kernel32,5,11,windowsapp(5);mincore(5)
resapi.h,libresutil.a,resutil,77,90,
restartmanager.h,librstrtmgr.a,rstrtmgr,11,11,
roapi.h,libruntimeobject.a,runtimeobject,9,9,
rpcproxy.h,librpcrt4.a,rpcrt4,11,18,
rtccore.h,libuserenv.a,userenv,1,565,
rtutils.h,librtutils.a,rtutils,33,34,
scesvc.h,libwinpthread.a,winpthread,1,6,pthread(1);gmon(1);kernel32(1)
schannel.h,libksecdd.a,ksecdd,2,3,schannel(1)
sddl.h,libadvapi32.a,advapi32,8,8,
securitybaseapi.h,libadvapi32.a,advapi32,95,104,kernel32(7);windowsapp(1);mincore(1)
sensapi.h,libsensapi.a,sensapi,3,3,
setupapi.h,libsetupapi.a,setupapi,314,315,
shellscalingapi.h,libshcore.a,shcore,1,1,
shlobj.h,libshell32.a,shell32,4,4,
slpublic.h,libslc.a,slc,8,11,slwga(1);slcext(1)
sqloledb.h,liboleaut32.a,oleaut32,1,16,ole32(1)
synchapi.h,libsynchronization.a,synchronization,55,58,kernel32(55);winstorecompat(11);winpthread(11);pthread(11);mingwex(5);mingw32(4);gmon(3);msvcrt(2);crtdll(2);msvcrt-os(2);msvcr70(2);msvcr71(2);msvcrt40(2);msvcrt20(2);msvcrt10(2)
sysinfoapi.h,libkernel32.a,kernel32,30,31,winpthread(4);pthread(4);winstorecompat(2);msvcrt(1);msvcrt-os(1);ntoskrnl(1);ntdll(1);mingwex(1);ws2_32(1)
systemtopologyapi.h,libkernel32.a,kernel32,2,2,
t2embapi.h,libt2embed.a,t2embed,5,5,
tapi.h,libtapi32.a,tapi32,249,249,
tbs.h,libtbs.a,tbs,6,6,
threadpoolapiset.h,libkernel32.a,kernel32,37,37,
threadpoollegacyapiset.h,libkernel32.a,kernel32,7,7,winstorecompat(2);windowsappcompat(2)
timeapi.h,libwinmm.a,winmm,5,5,
timezoneapi.h,libkernel32.a,kernel32,11,13,windowsapp(2);mincore(2);mingwex(1);winpthread(1);pthread(1)
tlhelp32.h,libkernel32.a,kernel32,16,16,
tom.h,libuser32.a,user32,3,407,
txfw32.h,libtxfw32.a,txfw32,3,3,
urlmon.h,liburlmon.a,urlmon,3,11,
usbcamdi.h,libusbcamd.a,usbcamd,7,7,usbcamd2(7)
userenv.h,libuserenv.a,userenv,37,43,
usp10.h,libgdi32.a,gdi32,40,40,usp10(40)
utilapiset.h,libkernel32.a,kernel32,5,5,
vdmdbg.h,libvdmdbg.a,vdmdbg,14,25,
vfw.h,libvfw32.a,vfw32,41,51,msvfw32(37);avicap32(4)
virtdisk.h,libvirtdisk.a,virtdisk,24,24,
vsbackup.h,libvssapi.a,vssapi,6,6,
wct.h,libadvapi32.a,advapi32,4,4,
wdsclientapi.h,libwdsclientapi.a,wdsclientapi,1,1,
webauthn.h,libwebauthn.a,webauthn,10,10,
werapi.h,libwer.a,wer,9,18,kernel32(8)
wia.h,libgdi32.a,gdi32,1,174,
winable.h,libuser32.a,user32,1,1,
winbase.h,libkernel32.a,kernel32,439,542,advapi32(66);winstorecompat(11);windowsappcompat(7);mingwex(4);winpthread(4);pthread(4);ws2_32(2);gmon(1);synchronization(1);mingw32(1);msvcrt-os(1);msvcrt(1)
wincodec.h,libwindowscodecs.a,windowscodecs,6,6,
wincon.h,libkernel32.a,kernel32,91,91,winstorecompat(1)
wincred.h,libadvapi32.a,advapi32,32,48,credui(16)
wincrypt.h,libcrypt32.a,crypt32,219,268,advapi32(39);cryptsp(39);cryptnet(8);winstorecompat(4);windowsappcompat(4);wintrust(1)
winddi.h,libwin32k.a,win32k,194,274,gdi32(72)
windns.h,libdnsapi.a,dnsapi,39,44,
winefs.h,libadvapi32.a,advapi32,8,8,
winevt.h,libwevtapi.a,wevtapi,35,35,
wingdi.h,libgdi32.a,gdi32,340,368,opengl32(19);msimg32(3);winspool(2)
winhttp.h,libwinhttp.a,winhttp,45,47,
winineti.h,libwininet.a,wininet,14,14,
winnetwk.h,libmpr.a,mpr,41,44,
winnls.h,libkernel32.a,kernel32,108,111,normaliz(5);winstorecompat(3);msvcr110(1);msvcr100(1);msvcrt(1);crtdll(1);msvcrt40(1);msvcrt10(1);msvcr120(1);msvcr90(1);msvcr71(1);msvcr80(1);msvcr120d(1);msvcr120_app(1);msvcrt-os(1);msvcr70(1);msvcrt20(1);msvcr90d(1);windowsappcompat(1)
winnls32.h,libuser32.a,user32,9,9,
winnt.h,libntdll.a,ntdll,22,38,kernel32(8);ntoskrnl(6);windowsapp(3);mincore(3);windowsappcompat(2);winstorecompat(2)
winreg.h,libadvapi32.a,advapi32,90,92,
winsafer.h,libadvapi32.a,advapi32,10,10,
winscard.h,libwinscard.a,winscard,61,67,
winsnmp.h,libwsnmp32.a,wsnmp32,46,49,
winsock.h,libwsock32.a,wsock32,50,50,ws2_32(46);mswsock(4)
winsock2.h,libws2_32.a,ws2_32,106,106,wsock32(46)
winsplp.h,libspoolss.a,spoolss,27,57,win32spl(6);winspool(4);mscms(2)
winspool.h,libwinspool.a,winspool,144,146,spoolss(65);win32spl(4)
winstring.h,libruntimeobject.a,runtimeobject,15,16,
winsvc.h,libadvapi32.a,advapi32,49,49,
winternl.h,libntdll.a,ntdll,49,49,ntoskrnl(38);kernel32(1)
wintrust.h,libwintrust.a,wintrust,16,16,
winusb.h,libwinusb.a,winusb,31,31,
winuser.h,libuser32.a,user32,700,711,dxerr8(2);dxerr9(2);comctl32(1)
winver.h,libversion.a,version,12,16,windowsapp(4);mincore(2);kernel32(2)
wlanapi.h,libwlanapi.a,wlanapi,35,36,wlanui(1)
wmiutils.h,libglaux.a,glaux,1,84,
wow64apiset.h,libkernel32.a,kernel32,10,13,
wownt32.h,libwow32.a,wow32,16,16,
ws2spi.h,libws2_32.a,ws2_32,2,5,mswsock(1)
ws2tcpip.h,libws2_32.a,ws2_32,14,21,fwpuclnt(5)
wsdattachment.h,libwsdapi.a,wsdapi,1,1,
wsdbase.h,libwsdapi.a,wsdapi,4,4,
wsdclient.h,libwsdapi.a,wsdapi,2,3,
wsddisco.h,libwsdapi.a,wsdapi,2,4,
wsdhost.h,libwsdapi.a,wsdapi,2,3,
wsdutil.h,libwsdapi.a,wsdapi,9,9,
wsdxml.h,libwsdapi.a,wsdapi,2,2,
wtsapi32.h,libwtsapi32.a,wtsapi32,44,44,
xaudio2.h,libxaudio2_8.a,xaudio2_8,1,1,
xinput.h,libxinput1_3.a,xinput1_3,7,8,xinput(7);xinput1_4(6);xinput1_2(5);xinput1_1(5);xinput9_1_0(4)